﻿﻿Published/unpublished,Title,Author(s),Journal,Pub Year,Volume,Pages,Url,DOI,Description/Notes,Region,Location Name,Site Name,Latitude,Longtitude,Altitude,Soil Types,Is it pasture/crop?,Is it resident/sown?,Sowing Date,Harvest Method,Irrigation Level,kgNyr,kgPyr,kgKyr,kgSyr,kgLimeyr,Defoliation Method,Dominant Species,Cultivar,Flowering Date,Additional Species,Cultivars,Experiment Name,Measurement Unit,What yield are you recording?,Data Source,Start Date,End Date,DM Yield,Grain Yield,Growth Rate,Annual Yield,Met Files,Photos,Soil Water Data,Raw Data
Published,Dry matter production and nutritive value of alfalfa ….light regimes.,VarellaA.C.Peri P.L. Lucas R.J. Moot D.J. and Mcneil D.L., Procd XIX International grassland congress. ,2001,,659-660,,,,Canterbury,Location - Canterbury,Lincoln,-43,172,11,Templeton Silt Loam,,,,Quadrat cuts,,,,,,,,Cocksfoot,,,CKSF,AgroforestryTrialTreeAndSlat_25%OrchardGrass,Experiment 0,kg/ha,TotalYield,,4/12/1999,2/1/2000,572.6093,,19.7,0,,,,
Published,Dry matter production and nutritive value of alfalfa ….light regimes.,VarellaA.C.Peri P.L. Lucas R.J. Moot D.J. and Mcneil D.L., Procd XIX International grassland congress. ,2001,,659-660,,,,Canterbury,Location - Canterbury,Lincoln,-43,172,11,Templeton Silt Loam,,,,Quadrat cuts,,,,,,,,Cocksfoot,,,CKSF,AgroforestryTrialOpen_100%OrchardGrass,Experiment 0,kg/ha,TotalYield,,4/12/1999,3/1/2000,859.1539,,28.6,0,,,,
Published,Dry matter production and nutritive value of alfalfa ….light regimes.,VarellaA.C.Peri P.L. Lucas R.J. Moot D.J. and Mcneil D.L., Procd XIX International grassland congress. ,2001,,659-660,,,,Canterbury,Location - Canterbury,Lincoln,-43,172,11,Templeton Silt Loam,,,,Quadrat cuts,,,,,,,,Cocksfoot,,,CKSF,AgroforestryTrialOpenSlat_45%OrchardGrass,Experiment 0,kg/ha,TotalYield,,4/12/1999,3/1/2000,218.2469,,7.3,0,,,,
Published,Dry matter production and nutritive value of alfalfa ….light regimes.,VarellaA.C.Peri P.L. Lucas R.J. Moot D.J. and Mcneil D.L., Procd XIX International grassland congress. ,2001,,659-660,,,,Canterbury,Location - Canterbury,Lincoln,-43,172,11,Templeton Silt Loam,,,,Quadrat cuts,,,,,,,,Cocksfoot,,,CKSF,AgroforestryTrialTree_60%OrchardGrass,Experiment 0,kg/ha,TotalYield,,4/12/1999,4/1/2000,700.5833,,22.6,0,,,,
Published,Dry matter production and nutritive value of alfalfa ….light regimes.,VarellaA.C.Peri P.L. Lucas R.J. Moot D.J. and Mcneil D.L., Procd XIX International grassland congress. ,2001,,659-660,,,,Canterbury,Location - Canterbury,Lincoln,-43,172,11,Templeton Silt Loam,,,,Quadrat cuts,,,,,,,,Cocksfoot,,,CKSF,AgroforestryTrialOpen_100%OrchardGrass,Experiment 0,kg/ha,TotalYield,,7/11/1999,4/12/1999,859.1539,,31.8,0,,,,
Published,Dry matter production and nutritive value of alfalfa ….light regimes.,VarellaA.C.Peri P.L. Lucas R.J. Moot D.J. and Mcneil D.L., Procd XIX International grassland congress. ,2001,,659-660,,,,Canterbury,Location - Canterbury,Lincoln,-43,172,11,Templeton Silt Loam,,,,Quadrat cuts,,,,,,,,Cocksfoot,,,CKSF,AgroforestryTrialTreeAndSlat_25%OrchardGrass,Experiment 0,kg/ha,TotalYield,,7/11/1999,4/12/1999,557.0717,,20.6,0,,,,
Published,Dry matter production and nutritive value of alfalfa ….light regimes.,VarellaA.C.Peri P.L. Lucas R.J. Moot D.J. and Mcneil D.L., Procd XIX International grassland congress. ,2001,,659-660,,,,Canterbury,Location - Canterbury,Lincoln,-43,172,11,Templeton Silt Loam,,,,Quadrat cuts,,,,,,,,Cocksfoot,,,CKSF,AgroforestryTrialOpenSlat_45%OrchardGrass,Experiment 0,kg/ha,TotalYield,,7/11/1999,5/12/1999,683.0024,,24.4,0,,,,
Published,Dry matter production and nutritive value of alfalfa ….light regimes.,VarellaA.C.Peri P.L. Lucas R.J. Moot D.J. and Mcneil D.L., Procd XIX International grassland congress. ,2001,,659-660,,,,Canterbury,Location - Canterbury,Lincoln,-43,172,11,Templeton Silt Loam,,,,Quadrat cuts,,,,,,,,Cocksfoot,,,CKSF,AgroforestryTrialTree_60%OrchardGrass,Experiment 0,kg/ha,TotalYield,,7/11/1999,5/12/1999,689.9598,,24.6,0,,,,
Published,Dry matter production and nutritive value of alfalfa ….light regimes.,VarellaA.C.Peri P.L. Lucas R.J. Moot D.J. and Mcneil D.L., Procd XIX International grassland congress. ,2001,,659-660,,,,Canterbury,Location - Canterbury,Lincoln,-43,172,11,Templeton Silt Loam,,,,Quadrat cuts,,,,,,,,Cocksfoot,,,CKSF,AgroforestryTrialOpen_100%OrchardGrass,Experiment 0,kg/ha,TotalYield,,10/10/1999,7/11/1999,1270.879,,45.4,0,,,,
Published,Dry matter production and nutritive value of alfalfa ….light regimes.,VarellaA.C.Peri P.L. Lucas R.J. Moot D.J. and Mcneil D.L., Procd XIX International grassland congress. ,2001,,659-660,,,,Canterbury,Location - Canterbury,Lincoln,-43,172,11,Templeton Silt Loam,,,,Quadrat cuts,,,,,,,,Cocksfoot,,,CKSF,AgroforestryTrialTree_60%OrchardGrass,Experiment 0,kg/ha,TotalYield,,10/10/1999,7/11/1999,980.5912,,35,0,,,,
Published,Dry matter production and nutritive value of alfalfa ….light regimes.,VarellaA.C.Peri P.L. Lucas R.J. Moot D.J. and Mcneil D.L., Procd XIX International grassland congress. ,2001,,659-660,,,,Canterbury,Location - Canterbury,Lincoln,-43,172,11,Templeton Silt Loam,,,,Quadrat cuts,,,,,,,,Cocksfoot,,,CKSF,AgroforestryTrialOpenSlat_45%OrchardGrass,Experiment 0,kg/ha,TotalYield,,15/07/1999,8/9/1999,777.5452,,14.1,0,,,,
Published,Dry matter production and nutritive value of alfalfa ….light regimes.,VarellaA.C.Peri P.L. Lucas R.J. Moot D.J. and Mcneil D.L., Procd XIX International grassland congress. ,2001,,659-660,,,,Canterbury,Location - Canterbury,Lincoln,-43,172,11,Templeton Silt Loam,,,,Quadrat cuts,,,,,,,,Cocksfoot,,,CKSF,AgroforestryTrialOpenSlat_45%OrchardGrass,Experiment 0,kg/ha,TotalYield,,10/10/1999,8/11/1999,1237.078,,42.7,0,,,,
Published,Dry matter production and nutritive value of alfalfa ….light regimes.,VarellaA.C.Peri P.L. Lucas R.J. Moot D.J. and Mcneil D.L., Procd XIX International grassland congress. ,2001,,659-660,,,,Canterbury,Location - Canterbury,Lincoln,-43,172,11,Templeton Silt Loam,,,,Quadrat cuts,,,,,,,,Cocksfoot,,,CKSF,AgroforestryTrialTreeAndSlat_25%OrchardGrass,Experiment 0,kg/ha,TotalYield,,10/10/1999,8/11/1999,802.1584,,27.7,0,,,,
Published,Dry matter production and nutritive value of alfalfa ….light regimes.,VarellaA.C.Peri P.L. Lucas R.J. Moot D.J. and Mcneil D.L., Procd XIX International grassland congress. ,2001,,659-660,,,,Canterbury,Location - Canterbury,Lincoln,-43,172,11,Templeton Silt Loam,,,,Quadrat cuts,,,,,,,,Cocksfoot,,,CKSF,AgroforestryTrialTree_60%OrchardGrass,Experiment 0,kg/ha,TotalYield,,15/07/1999,9/9/1999,816.457,,14.6,0,,,,
Published,Dry matter production and nutritive value of alfalfa ….light regimes.,VarellaA.C.Peri P.L. Lucas R.J. Moot D.J. and Mcneil D.L., Procd XIX International grassland congress. ,2001,,659-660,,,,Canterbury,Location - Canterbury,Lincoln,-43,172,11,Templeton Silt Loam,,,,Quadrat cuts,,,,,,,,Cocksfoot,,,CKSF,AgroforestryTrialOpen_100%OrchardGrass,Experiment 0,kg/ha,TotalYield,,15/07/1999,9/9/1999,830.4928,,14.8,0,,,,
Published,Dry matter production and nutritive value of alfalfa ….light regimes.,VarellaA.C.Peri P.L. Lucas R.J. Moot D.J. and Mcneil D.L., Procd XIX International grassland congress. ,2001,,659-660,,,,Canterbury,Location - Canterbury,Lincoln,-43,172,11,Templeton Silt Loam,,,,Quadrat cuts,,,,,,,,Cocksfoot,,,CKSF,AgroforestryTrialTreeAndSlat_25%OrchardGrass,Experiment 0,kg/ha,TotalYield,,15/07/1999,10/9/1999,728.1289,,12.8,0,,,,
Published,Dry matter production and nutritive value of alfalfa ….light regimes.,VarellaA.C.Peri P.L. Lucas R.J. Moot D.J. and Mcneil D.L., Procd XIX International grassland congress. ,2001,,659-660,,,,Canterbury,Location - Canterbury,Lincoln,-43,172,11,Templeton Silt Loam,,,,Quadrat cuts,,,,,,,,Cocksfoot,,,CKSF,AgroforestryTrialOpen_100%OrchardGrass,Experiment 0,kg/ha,TotalYield,,9/9/1999,10/10/1999,844.0078,,27.2,0,,,,
Published,Dry matter production and nutritive value of alfalfa ….light regimes.,VarellaA.C.Peri P.L. Lucas R.J. Moot D.J. and Mcneil D.L., Procd XIX International grassland congress. ,2001,,659-660,,,,Canterbury,Location - Canterbury,Lincoln,-43,172,11,Templeton Silt Loam,,,,Quadrat cuts,,,,,,,,Cocksfoot,,,CKSF,AgroforestryTrialOpenSlat_45%OrchardGrass,Experiment 0,kg/ha,TotalYield,,9/9/1999,11/10/1999,960.8044,,30,0,,,,
Published,Dry matter production and nutritive value of alfalfa ….light regimes.,VarellaA.C.Peri P.L. Lucas R.J. Moot D.J. and Mcneil D.L., Procd XIX International grassland congress. ,2001,,659-660,,,,Canterbury,Location - Canterbury,Lincoln,-43,172,11,Templeton Silt Loam,,,,Quadrat cuts,,,,,,,,Cocksfoot,,,CKSF,AgroforestryTrialTree_60%OrchardGrass,Experiment 0,kg/ha,TotalYield,,9/9/1999,11/10/1999,777.3194,,24.3,0,,,,
Published,Dry matter production and nutritive value of alfalfa ….light regimes.,VarellaA.C.Peri P.L. Lucas R.J. Moot D.J. and Mcneil D.L., Procd XIX International grassland congress. ,2001,,659-660,,,,Canterbury,Location - Canterbury,Lincoln,-43,172,11,Templeton Silt Loam,,,,Quadrat cuts,,,,,,,,Cocksfoot,,,CKSF,AgroforestryTrialTreeAndSlat_25%OrchardGrass,Experiment 0,kg/ha,TotalYield,,9/9/1999,11/10/1999,874.7101,,27.3,0,,,,
Published,Dry matter production and nutritive value of alfalfa ….light regimes.,VarellaA.C.Peri P.L. Lucas R.J. Moot D.J. and Mcneil D.L., Procd XIX International grassland congress. ,2001,,659-660,,,,Canterbury,Location - Canterbury,Lincoln,-43,172,11,Templeton Silt Loam,,,,Quadrat cuts,,,,,,,,Lucerne,kaituna,,LUC,AgroforestryTrialOpenSlat_45%Lucerne,Experiment 1,kg/ha,SownSpecies,,24/09/1999,3/11/1999,1967.892,,49.2,0,,,,
Published,Dry matter production and nutritive value of alfalfa ….light regimes.,VarellaA.C.Peri P.L. Lucas R.J. Moot D.J. and Mcneil D.L., Procd XIX International grassland congress. ,2001,,659-660,,,,Canterbury,Location - Canterbury,Lincoln,-43,172,11,Templeton Silt Loam,,,,Quadrat cuts,,,,,,,,Lucerne,kaituna,,LUC,AgroforestryTrialOpen_100%Lucerne,Experiment 1,kg/ha,SownSpecies,,24/09/1999,3/11/1999,3151.346,,78.8,0,,,,
Published,Dry matter production and nutritive value of alfalfa ….light regimes.,VarellaA.C.Peri P.L. Lucas R.J. Moot D.J. and Mcneil D.L., Procd XIX International grassland congress. ,2001,,659-660,,,,Canterbury,Location - Canterbury,Lincoln,-43,172,11,Templeton Silt Loam,,,,Quadrat cuts,,,,,,,,Lucerne,kaituna,,LUC,AgroforestryTrialTreeAndSlat_25%Lucerne,Experiment 1,kg/ha,SownSpecies,,24/09/1999,4/11/1999,1725.896,,42.1,0,,,,
Published,Dry matter production and nutritive value of alfalfa ….light regimes.,VarellaA.C.Peri P.L. Lucas R.J. Moot D.J. and Mcneil D.L., Procd XIX International grassland congress. ,2001,,659-660,,,,Canterbury,Location - Canterbury,Lincoln,-43,172,11,Templeton Silt Loam,,,,Quadrat cuts,,,,,,,,Lucerne,kaituna,,LUC,AgroforestryTrialTree_60%Lucerne,Experiment 1,kg/ha,SownSpecies,,24/09/1999,4/11/1999,2796.513,,68.2,0,,,,
Published,Dry matter production and nutritive value of alfalfa ….light regimes.,VarellaA.C.Peri P.L. Lucas R.J. Moot D.J. and Mcneil D.L., Procd XIX International grassland congress. ,2001,,659-660,,,,Canterbury,Location - Canterbury,Lincoln,-43,172,11,Templeton Silt Loam,,,,Quadrat cuts,,,,,,,,Lucerne,kaituna,,LUC,AgroforestryTrialTree_60%Lucerne,Experiment 1,kg/ha,SownSpecies,,15/07/1999,8/9/1999,1082.284,,19.7,0,,,,
Published,Dry matter production and nutritive value of alfalfa ….light regimes.,VarellaA.C.Peri P.L. Lucas R.J. Moot D.J. and Mcneil D.L., Procd XIX International grassland congress. ,2001,,659-660,,,,Canterbury,Location - Canterbury,Lincoln,-43,172,11,Templeton Silt Loam,,,,Quadrat cuts,,,,,,,,Lucerne,kaituna,,LUC,AgroforestryTrialOpenSlat_45%Lucerne,Experiment 1,kg/ha,SownSpecies,,15/07/1999,8/9/1999,860.6335,,15.6,0,,,,
Published,Dry matter production and nutritive value of alfalfa ….light regimes.,VarellaA.C.Peri P.L. Lucas R.J. Moot D.J. and Mcneil D.L., Procd XIX International grassland congress. ,2001,,659-660,,,,Canterbury,Location - Canterbury,Lincoln,-43,172,11,Templeton Silt Loam,,,,Quadrat cuts,,,,,,,,Lucerne,kaituna,,LUC,AgroforestryTrialOpen_100%Lucerne,Experiment 1,kg/ha,SownSpecies,,15/07/1999,8/9/1999,999.1513,,18.2,0,,,,
Published,Dry matter production and nutritive value of alfalfa ….light regimes.,VarellaA.C.Peri P.L. Lucas R.J. Moot D.J. and Mcneil D.L., Procd XIX International grassland congress. ,2001,,659-660,,,,Canterbury,Location - Canterbury,Lincoln,-43,172,11,Templeton Silt Loam,,,,Quadrat cuts,,,,,,,,Lucerne,kaituna,,LUC,AgroforestryTrialTreeAndSlat_25%Lucerne,Experiment 1,kg/ha,SownSpecies,,15/07/1999,10/9/1999,856.1299,,15,0,,,,
Published,Dry matter production and nutritive value of alfalfa ….light regimes.,VarellaA.C.Peri P.L. Lucas R.J. Moot D.J. and Mcneil D.L., Procd XIX International grassland congress. ,2001,,659-660,,,,Canterbury,Location - Canterbury,Lincoln,-43,172,11,Templeton Silt Loam,,,,Quadrat cuts,,,,,,,,Lucerne,kaituna,,LUC,AgroforestryTrialTreeAndSlat_25%Lucerne,Experiment 1,kg/ha,SownSpecies,,3/11/1999,20/12/1999,1705.977,,36.3,0,,,,
Published,Dry matter production and nutritive value of alfalfa ….light regimes.,VarellaA.C.Peri P.L. Lucas R.J. Moot D.J. and Mcneil D.L., Procd XIX International grassland congress. ,2001,,659-660,,,,Canterbury,Location - Canterbury,Lincoln,-43,172,11,Templeton Silt Loam,,,,Quadrat cuts,,,,,,,,Lucerne,kaituna,,LUC,AgroforestryTrialTree_60%Lucerne,Experiment 1,kg/ha,SownSpecies,,3/11/1999,21/12/1999,3686.534,,76.8,0,,,,
Published,Dry matter production and nutritive value of alfalfa ….light regimes.,VarellaA.C.Peri P.L. Lucas R.J. Moot D.J. and Mcneil D.L., Procd XIX International grassland congress. ,2001,,659-660,,,,Canterbury,Location - Canterbury,Lincoln,-43,172,11,Templeton Silt Loam,,,,Quadrat cuts,,,,,,,,Lucerne,kaituna,,LUC,AgroforestryTrialOpenSlat_45%Lucerne,Experiment 1,kg/ha,SownSpecies,,3/11/1999,21/12/1999,2883.201,,60.1,0,,,,
Published,Dry matter production and nutritive value of alfalfa ….light regimes.,VarellaA.C.Peri P.L. Lucas R.J. Moot D.J. and Mcneil D.L., Procd XIX International grassland congress. ,2001,,659-660,,,,Canterbury,Location - Canterbury,Lincoln,-43,172,11,Templeton Silt Loam,,,,Quadrat cuts,,,,,,,,Lucerne,kaituna,,LUC,AgroforestryTrialOpen_100%Lucerne,Experiment 1,kg/ha,SownSpecies,,3/11/1999,21/12/1999,4241.621,,88.4,0,,,,
Published,Dry matter production and nutritive value of alfalfa ….light regimes.,VarellaA.C.Peri P.L. Lucas R.J. Moot D.J. and Mcneil D.L., Procd XIX International grassland congress. ,2001,,659-660,,,,Canterbury,Location - Canterbury,Lincoln,-43,172,11,Templeton Silt Loam,,,,Quadrat cuts,,,,,,,,Lucerne,kaituna,,LUC,AgroforestryTrialTreeAndSlat_25%Lucerne,Experiment 1,kg/ha,SownSpecies,,8/9/1999,23/09/1999,485.1218,,32.3,0,,,,
Published,Dry matter production and nutritive value of alfalfa ….light regimes.,VarellaA.C.Peri P.L. Lucas R.J. Moot D.J. and Mcneil D.L., Procd XIX International grassland congress. ,2001,,659-660,,,,Canterbury,Location - Canterbury,Lincoln,-43,172,11,Templeton Silt Loam,,,,Quadrat cuts,,,,,,,,Lucerne,kaituna,,LUC,AgroforestryTrialOpenSlat_45%Lucerne,Experiment 1,kg/ha,SownSpecies,,8/9/1999,24/09/1999,480.6805,,30,0,,,,
Published,Dry matter production and nutritive value of alfalfa ….light regimes.,VarellaA.C.Peri P.L. Lucas R.J. Moot D.J. and Mcneil D.L., Procd XIX International grassland congress. ,2001,,659-660,,,,Canterbury,Location - Canterbury,Lincoln,-43,172,11,Templeton Silt Loam,,,,Quadrat cuts,,,,,,,,Lucerne,kaituna,,LUC,AgroforestryTrialOpen_100%Lucerne,Experiment 1,kg/ha,SownSpecies,,8/9/1999,24/09/1999,890.5591,,55.7,0,,,,
Published,Dry matter production and nutritive value of alfalfa ….light regimes.,VarellaA.C.Peri P.L. Lucas R.J. Moot D.J. and Mcneil D.L., Procd XIX International grassland congress. ,2001,,659-660,,,,Canterbury,Location - Canterbury,Lincoln,-43,172,11,Templeton Silt Loam,,,,Quadrat cuts,,,,,,,,Lucerne,kaituna,,LUC,AgroforestryTrialTree_60%Lucerne,Experiment 1,kg/ha,SownSpecies,,8/9/1999,25/09/1999,600.5414,,35.3,0,,,,
