﻿﻿Published/unpublished,Title,Persons,Journal,Date of Pub,Volume,Pages,Url,DOI,Description/Notes,Region,Location Name,Site Name,Latitude,Longitude,Alt,Soil Types,Is it pasture/crop?,Is it resident/sown?,Sowing Date,Harvest Method,Irrigation Level,kgNyr,phos,potas,sulf,lime,Defoliation Method,Dominant Species,Cultivar,Flowering Date,Additional Species,Cultivars,Experiment Name,Measurement Unit,What yield are you recording?,Data Source,Start Date,End Date,DM Yield,Grain Yield,Growth Rate,Annual Yield,Met Files,Photos,Soil Water Data,Raw Data
Published,Grass is good,Ray Brome,New Zealand Journal of Grassland Science,2008,34,234-245,,,,Whanganui-Manawatu,Palmerston North,Aorangi Research Station,-38.1,165.2,55,,,,,,0,0,,,,,,,,,,,Bull beef,kg/ha,SownSpecies,,12/7/01,12/7/01,1,,56,0,,,,
Published,Grass is good,Ray Brome,New Zealand Journal of Grassland Science,2008,34,234-245,,,,Whanganui-Manawatu,Palmerston North,Aorangi Research Station,-38.1,165.2,55,,,,,,0,0,,,,,,,,,,,Bull beef,kg/ha,SownSpecies,,12/7/01,12/9/01,2728,,44,0,,,,
Published,Grass is good,Ray Brome,New Zealand Journal of Grassland Science,2008,34,234-245,,,,Whanganui-Manawatu,Palmerston North,Aorangi Research Station,-38.1,165.2,55,,,,,,0,0,,,,,,,,,,,Bull beef,kg/ha,SownSpecies,,12/11/01,12/11/01,1,,30,0,,,,
Published,Grass is good,Ray Brome,New Zealand Journal of Grassland Science,2008,34,234-245,,,,Whanganui-Manawatu,Palmerston North,Aorangi Research Station,-38.1,165.2,55,,,,,,0,0,,,,,,,,,,,Bull beef,kg/ha,SownSpecies,,12/9/01,12/11/01,3416,,56,0,,,,
Published,Grass is good,Ray Brome,New Zealand Journal of Grassland Science,2008,34,234-245,,,,Whanganui-Manawatu,Palmerston North,Aorangi Research Station,-38.1,165.2,55,,,,,,400,0,,,,,,,,,,,Bull beef,kg/ha,SownSpecies,,12/7/01,12/7/01,1,,78,0,,,,
Published,Grass is good,Ray Brome,New Zealand Journal of Grassland Science,2008,34,234-245,,,,Whanganui-Manawatu,Palmerston North,Aorangi Research Station,-38.1,165.2,55,,,,,,400,0,,,,,,,,,,,Bull beef,kg/ha,SownSpecies,,12/7/01,12/9/01,3410,,55,0,,,,
Published,Grass is good,Ray Brome,New Zealand Journal of Grassland Science,2008,34,234-245,,,,Whanganui-Manawatu,Palmerston North,Aorangi Research Station,-38.1,165.2,55,,,,,,400,0,,,,,,,,,,,Bull beef,kg/ha,SownSpecies,,12/11/01,12/11/01,1,,60,0,,,,
Published,Grass is good,Ray Brome,New Zealand Journal of Grassland Science,2008,34,234-245,,,,Whanganui-Manawatu,Palmerston North,Aorangi Research Station,-38.1,165.2,55,,,,,,400,0,,,,,,,,,,,Bull beef,kg/ha,SownSpecies,,12/9/01,12/11/01,4087,,67,0,,,,
Published,Grass is good,Ray Brome,New Zealand Journal of Grassland Science,2008,34,234-245,,,,Whanganui-Manawatu,Palmerston North,Aorangi Research Station,-38.1,165.2,55,,,,,,0,75,,,,,,,,,,,Bull beef,kg/ha,SownSpecies,,12/7/01,12/7/01,1,,46,0,,,,
Published,Grass is good,Ray Brome,New Zealand Journal of Grassland Science,2008,34,234-245,,,,Whanganui-Manawatu,Palmerston North,Aorangi Research Station,-38.1,165.2,55,,,,,,0,75,,,,,,,,,,,Bull beef,kg/ha,SownSpecies,,12/7/01,12/9/01,2728,,44,0,,,,
Published,Grass is good,Ray Brome,New Zealand Journal of Grassland Science,2008,34,234-245,,,,Whanganui-Manawatu,Palmerston North,Aorangi Research Station,-38.1,165.2,55,,,,,,0,75,,,,,,,,,,,Bull beef,kg/ha,SownSpecies,,12/11/01,12/11/01,1,,55,0,,,,
Published,Grass is good,Ray Brome,New Zealand Journal of Grassland Science,2008,34,234-245,,,,Whanganui-Manawatu,Palmerston North,Aorangi Research Station,-38.1,165.2,55,,,,,,0,75,,,,,,,,,,,Bull beef,kg/ha,SownSpecies,,12/9/01,12/11/01,2745,,45,0,,,,
Published,Grass is good,Ray Brome,New Zealand Journal of Grassland Science,2008,34,234-245,,,,Whanganui-Manawatu,Palmerston North,Aorangi Research Station,-38.1,165.2,55,,,,,,400,75,,,,,,,,,,,Bull beef,kg/ha,SownSpecies,,12/7/01,12/7/01,1,,90,0,,,,
Published,Grass is good,Ray Brome,New Zealand Journal of Grassland Science,2008,34,234-245,,,,Whanganui-Manawatu,Palmerston North,Aorangi Research Station,-38.1,165.2,55,,,,,,400,75,,,,,,,,,,,Bull beef,kg/ha,SownSpecies,,12/7/01,12/9/01,4712,,76,0,,,,
Published,Grass is good,Ray Brome,New Zealand Journal of Grassland Science,2008,34,234-245,,,,Whanganui-Manawatu,Palmerston North,Aorangi Research Station,-38.1,165.2,55,,,,,,400,75,,,,,,,,,,,Bull beef,kg/ha,SownSpecies,,12/11/01,12/11/01,1,,75,0,,,,
Published,Grass is good,Ray Brome,New Zealand Journal of Grassland Science,2008,34,234-245,,,,Whanganui-Manawatu,Palmerston North,Aorangi Research Station,-38.1,165.2,55,,,,,,400,75,,,,,,,,,,,Bull beef,kg/ha,SownSpecies,,12/9/01,12/11/01,5368,,88,0,,,,