﻿﻿Published/unpublished,Title,Author(s),Journal,Pub Year,Volume,Pages,Url,DOI,Description/Notes,Region,Location Name,Site Name,Latitude,Longtitude,Altitude,Soil Types,Is it pasture/crop?,Is it resident/sown?,Sowing Date,Harvest Method,Irrigation Level,kgNyr,kgPyr,kgKyr,kgSyr,kgLimeyr,Defoliation Method,Dominant Species,Cultivar,Flowering Date,Additional Species,Cultivars,Experiment Name,Measurement Unit,What yield are you recording?,Data Source,Start Date,End Date,DM Yield,Grain Yield,Growth Rate,Annual Yield,Met Files,Photos,Soil Water Data,Raw Data
Unpublished,Growing Growing Gone,"Caterpillar, Hungry ",,,,,,,,Auckland,Waipukurau,Lake section #54,,,,,,,,,,,,,,,,,,,,,How does my clover grow,kg/ha,0,,26/03/2020,26/04/2020,24.8,,0.8,,,,,
Unpublished,Growing Growing Gone,"Caterpillar, Hungry ",,,,,,,,Auckland,Waipukurau,Lake section #54,,,,,,,,,,,,,,,,,,,,,How does my clover grow,kg/ha,0,,27/04/2020,27/05/2020,72,,2.4,,,,,
Unpublished,Growing Growing Gone,"Caterpillar, Hungry ",,,,,,,,Auckland,Waipukurau,Lake section #54,,,,,,,,,,,,,,,,,,,,,How does my clover grow,kg/ha,0,,28/05/2020,28/06/2020,336.04,,10.84,,,,,
Unpublished,Growing Growing Gone,"Caterpillar, Hungry ",,,,,,,,Otago,Dunedin flats,Area 52,-45.69199822305522,170.39262489518498,4500,Timaru Silt Loam,Crop,,04/05/1980,,200,100,,25,,,,Cabbage,,,,,Experiment 0,kg/ha,TotalYield,,05/05/1980,05/05/1980,1,,0.5,0,,,,
Unpublished,Growing Growing Gone,"Caterpillar, Hungry ",,,,,,,,Otago,Dunedin flats,Area 52,-45.69199822305522,170.39262489518498,4500,Timaru Silt Loam,Crop,,04/05/1980,,200,100,,25,,,,Cabbage,,,,,Experiment 0,kg/ha,TotalYield,,05/05/1980,05/05/1981,109.5,,0.3,0,,,,
Unpublished,Growing Growing Gone,"Caterpillar, Hungry ",,,,,,,,Otago,Dunedin flats,Area 52,-45.69199822305522,170.39262489518498,4500,Timaru Silt Loam,Crop,,04/05/1980,,200,100,,25,,,,Cabbage,,,,,Experiment 0,kg/ha,TotalYield,,05/05/1981,05/05/1982,199.29000000000002,,0.546,0,,,,
Unpublished,Growing Growing Gone,"Caterpillar, Hungry ",,,,,,,,Otago,Dunedin flats,Area 52,-45.69199822305522,170.39262489518498,4500,Timaru Silt Loam,Crop,,04/05/1980,,200,100,,25,,,,Cabbage,,,,,Experiment 0,kg/ha,TotalYield,,05/05/1982,05/05/1983,197.10000000000002,,0.54,0,,,,
Unpublished,Growing Growing Gone,"Caterpillar, Hungry ",,,,,,,,Otago,Dunedin flats,Area 52,-45.69199822305522,170.39262489518498,4500,Timaru Silt Loam,Crop,,04/05/1980,,200,100,,50,,,,Cabbage,,,,,Experiment 0,kg/ha,TotalYield,,05/05/1980,05/05/1980,1,,0.4684,0,,,,
Unpublished,Growing Growing Gone,"Caterpillar, Hungry ",,,,,,,,Otago,Dunedin flats,Area 52,-45.69199822305522,170.39262489518498,4500,Timaru Silt Loam,Crop,,04/05/1980,,200,100,,50,,,,Cabbage,,,,,Experiment 0,kg/ha,TotalYield,,05/05/1980,05/05/1981,249.66000000000003,,0.684,0,,,,
Unpublished,Growing Growing Gone,"Caterpillar, Hungry ",,,,,,,,Otago,Dunedin flats,Area 52,-45.69199822305522,170.39262489518498,4500,Timaru Silt Loam,Crop,,04/05/1980,,200,100,,50,,,,Cabbage,,,,,Experiment 0,kg/ha,TotalYield,,05/05/1981,05/05/1982,320.981,,0.8794,0,,,,
Unpublished,Growing Growing Gone,"Caterpillar, Hungry ",,,,,,,,Otago,Dunedin flats,Area 52,-45.69199822305522,170.39262489518498,4500,Timaru Silt Loam,Crop,,04/05/1980,,200,100,,50,,,,Cabbage,,,,,Experiment 0,kg/ha,TotalYield,,05/05/1982,05/05/1983,320.47,,0.878,0,,,,
Unpublished,Growing Growing Gone,"Caterpillar, Hungry ",,,,,,,,Otago,Dunedin flats,Area 52,-45.69199822305522,170.39262489518498,4500,Timaru Silt Loam,Crop,,04/05/1980,,200,100,,75,,,,Cabbage,,,,,Experiment 0,kg/ha,TotalYield,,05/05/1980,05/05/1980,1,,0.21,0,,,,
Unpublished,Growing Growing Gone,"Caterpillar, Hungry ",,,,,,,,Otago,Dunedin flats,Area 52,-45.69199822305522,170.39262489518498,4500,Timaru Silt Loam,Crop,,04/05/1980,,200,100,,75,,,,Cabbage,,,,,Experiment 0,kg/ha,TotalYield,,05/05/1980,05/05/1981,146,,0.4,0,,,,
Unpublished,Growing Growing Gone,"Caterpillar, Hungry ",,,,,,,,Otago,Dunedin flats,Area 52,-45.69199822305522,170.39262489518498,4500,Timaru Silt Loam,Crop,,04/05/1980,,200,100,,75,,,,Cabbage,,,,,Experiment 0,kg/ha,TotalYield,,05/05/1981,05/05/1982,58.4,,0.16,0,,,,
Unpublished,Growing Growing Gone,"Caterpillar, Hungry ",,,,,,,,Otago,Dunedin flats,Area 52,-45.69199822305522,170.39262489518498,4500,Timaru Silt Loam,Crop,,04/05/1980,,200,100,,75,,,,Cabbage,,,,,Experiment 0,kg/ha,TotalYield,,05/05/1982,05/05/1983,320.835,,0.879,0,,,,
Unpublished,Growing Growing Gone,"Caterpillar, Hungry ",,,,,,,,Otago,Dunedin flats,Area 52,-45.69199822305522,170.39262489518498,4500,Timaru Silt Loam,Crop,,04/05/1980,,200,150,,25,,,,Cabbage,,,,,Experiment 0,kg/ha,TotalYield,,05/05/1980,05/05/1980,1,,0.54,0,,,,
Unpublished,Growing Growing Gone,"Caterpillar, Hungry ",,,,,,,,Otago,Dunedin flats,Area 52,-45.69199822305522,170.39262489518498,4500,Timaru Silt Loam,Crop,,04/05/1980,,200,150,,25,,,,Cabbage,,,,,Experiment 0,kg/ha,TotalYield,,05/05/1980,05/05/1981,211.62699999999998,,0.5798,0,,,,
Unpublished,Growing Growing Gone,"Caterpillar, Hungry ",,,,,,,,Otago,Dunedin flats,Area 52,-45.69199822305522,170.39262489518498,4500,Timaru Silt Loam,Crop,,04/05/1980,,200,150,,25,,,,Cabbage,,,,,Experiment 0,kg/ha,TotalYield,,05/05/1981,05/05/1982,236.88500000000002,,0.649,0,,,,
Unpublished,Growing Growing Gone,"Caterpillar, Hungry ",,,,,,,,Otago,Dunedin flats,Area 52,-45.69199822305522,170.39262489518498,4500,Timaru Silt Loam,Crop,,04/05/1980,,200,150,,25,,,,Cabbage,,,,,Experiment 0,kg/ha,TotalYield,,05/05/1982,05/05/1983,134.685,,0.369,0,,,,
Unpublished,Growing Growing Gone,"Caterpillar, Hungry ",,,,,,,,Otago,Dunedin flats,Area 52,-45.69199822305522,170.39262489518498,4500,Timaru Silt Loam,Crop,,04/05/1980,,200,150,,50,,,,Cabbage,,,,,Experiment 0,kg/ha,TotalYield,,05/05/1980,05/05/1980,1,,0.648,0,,,,
Unpublished,Growing Growing Gone,"Caterpillar, Hungry ",,,,,,,,Otago,Dunedin flats,Area 52,-45.69199822305522,170.39262489518498,4500,Timaru Silt Loam,Crop,,04/05/1980,,200,150,,50,,,,Cabbage,,,,,Experiment 0,kg/ha,TotalYield,,05/05/1980,05/05/1981,313.9,,0.86,0,,,,
Unpublished,Growing Growing Gone,"Caterpillar, Hungry ",,,,,,,,Otago,Dunedin flats,Area 52,-45.69199822305522,170.39262489518498,4500,Timaru Silt Loam,Crop,,04/05/1980,,200,150,,50,,,,Cabbage,,,,,Experiment 0,kg/ha,TotalYield,,05/05/1981,05/05/1982,94.389,,0.2586,0,,,,
Unpublished,Growing Growing Gone,"Caterpillar, Hungry ",,,,,,,,Otago,Dunedin flats,Area 52,-45.69199822305522,170.39262489518498,4500,Timaru Silt Loam,Crop,,04/05/1980,,200,150,,50,,,,Cabbage,,,,,Experiment 0,kg/ha,TotalYield,,05/05/1982,05/05/1983,178.64194999999998,,0.48943,0,,,,
Unpublished,Growing Growing Gone,"Caterpillar, Hungry ",,,,,,,,Otago,Dunedin flats,Area 52,-45.69199822305522,170.39262489518498,4500,Timaru Silt Loam,Crop,,04/05/1980,,200,150,,75,,,,Cabbage,,,,,Experiment 0,kg/ha,TotalYield,,05/05/1980,05/05/1980,1,,0.564,0,,,,
Unpublished,Growing Growing Gone,"Caterpillar, Hungry ",,,,,,,,Otago,Dunedin flats,Area 52,-45.69199822305522,170.39262489518498,4500,Timaru Silt Loam,Crop,,04/05/1980,,200,150,,75,,,,Cabbage,,,,,Experiment 0,kg/ha,TotalYield,,05/05/1980,05/05/1981,217.905,,0.597,0,,,,
Unpublished,Growing Growing Gone,"Caterpillar, Hungry ",,,,,,,,Otago,Dunedin flats,Area 52,-45.69199822305522,170.39262489518498,4500,Timaru Silt Loam,Crop,,04/05/1980,,200,150,,75,,,,Cabbage,,,,,Experiment 0,kg/ha,TotalYield,,05/05/1981,05/05/1982,251.85,,0.69,0,,,,
Unpublished,Growing Growing Gone,"Caterpillar, Hungry ",,,,,,,,Otago,Dunedin flats,Area 52,-45.69199822305522,170.39262489518498,4500,Timaru Silt Loam,Crop,,04/05/1980,,200,150,,75,,,,Cabbage,,,,,Experiment 0,kg/ha,TotalYield,,05/05/1982,05/05/1983,306.59999999999997,,0.84,0,,,,
Unpublished,Growing Growing Gone,"Caterpillar, Hungry ",,,,,,,,Otago,Dunedin flats,Area 52,-45.69199822305522,170.39262489518498,4500,Timaru Silt Loam,Crop,,04/05/1980,,200,200,,25,,,,Cabbage,,,,,Experiment 0,kg/ha,TotalYield,,05/05/1980,05/05/1980,1,,1.1,0,,,,
Unpublished,Growing Growing Gone,"Caterpillar, Hungry ",,,,,,,,Otago,Dunedin flats,Area 52,-45.69199822305522,170.39262489518498,4500,Timaru Silt Loam,Crop,,04/05/1980,,200,200,,25,,,,Cabbage,,,,,Experiment 0,kg/ha,TotalYield,,05/05/1980,05/05/1981,438,,1.2,0,,,,
Unpublished,Growing Growing Gone,"Caterpillar, Hungry ",,,,,,,,Otago,Dunedin flats,Area 52,-45.69199822305522,170.39262489518498,4500,Timaru Silt Loam,Crop,,04/05/1980,,200,200,,25,,,,Cabbage,,,,,Experiment 0,kg/ha,TotalYield,,05/05/1981,05/05/1982,445.3,,1.22,0,,,,
Unpublished,Growing Growing Gone,"Caterpillar, Hungry ",,,,,,,,Otago,Dunedin flats,Area 52,-45.69199822305522,170.39262489518498,4500,Timaru Silt Loam,Crop,,04/05/1980,,200,200,,25,,,,Cabbage,,,,,Experiment 0,kg/ha,TotalYield,,05/05/1982,05/05/1983,569.4,,1.56,0,,,,
Unpublished,Growing Growing Gone,"Caterpillar, Hungry ",,,,,,,,Otago,Dunedin flats,Area 52,-45.69199822305522,170.39262489518498,4500,Timaru Silt Loam,Crop,,04/05/1980,,200,200,,50,,,,Cabbage,,,,,Experiment 0,kg/ha,TotalYield,,05/05/1980,05/05/1980,1,,0.687,0,,,,
Unpublished,Growing Growing Gone,"Caterpillar, Hungry ",,,,,,,,Otago,Dunedin flats,Area 52,-45.69199822305522,170.39262489518498,4500,Timaru Silt Loam,Crop,,04/05/1980,,200,200,,50,,,,Cabbage,,,,,Experiment 0,kg/ha,TotalYield,,05/05/1980,05/05/1981,52.779,,0.1446,0,,,,
Unpublished,Growing Growing Gone,"Caterpillar, Hungry ",,,,,,,,Otago,Dunedin flats,Area 52,-45.69199822305522,170.39262489518498,4500,Timaru Silt Loam,Crop,,04/05/1980,,200,200,,50,,,,Cabbage,,,,,Experiment 0,kg/ha,TotalYield,,05/05/1981,05/05/1982,279.59000000000003,,0.766,0,,,,
Unpublished,Growing Growing Gone,"Caterpillar, Hungry ",,,,,,,,Otago,Dunedin flats,Area 52,-45.69199822305522,170.39262489518498,4500,Timaru Silt Loam,Crop,,04/05/1980,,200,200,,50,,,,Cabbage,,,,,Experiment 0,kg/ha,TotalYield,,05/05/1982,05/05/1983,320.981,,0.8794,0,,,,
Unpublished,Growing Growing Gone,"Caterpillar, Hungry ",,,,,,,,Otago,Dunedin flats,Area 52,-45.69199822305522,170.39262489518498,4500,Timaru Silt Loam,Crop,,04/05/1980,,200,200,,75,,,,Cabbage,,,,,Experiment 0,kg/ha,TotalYield,,05/05/1980,05/05/1980,1,,0.0005,0,,,,
Unpublished,Growing Growing Gone,"Caterpillar, Hungry ",,,,,,,,Otago,Dunedin flats,Area 52,-45.69199822305522,170.39262489518498,4500,Timaru Silt Loam,Crop,,04/05/1980,,200,200,,75,,,,Cabbage,,,,,Experiment 0,kg/ha,TotalYield,,05/05/1980,05/05/1981,163.52,,0.448,0,,,,
Unpublished,Growing Growing Gone,"Caterpillar, Hungry ",,,,,,,,Otago,Dunedin flats,Area 52,-45.69199822305522,170.39262489518498,4500,Timaru Silt Loam,Crop,,04/05/1980,,200,200,,75,,,,Cabbage,,,,,Experiment 0,kg/ha,TotalYield,,05/05/1981,05/05/1982,209.5465,,0.5741,0,,,,
Unpublished,Growing Growing Gone,"Caterpillar, Hungry ",,,,,,,,Otago,Dunedin flats,Area 52,-45.69199822305522,170.39262489518498,4500,Timaru Silt Loam,Crop,,04/05/1980,,200,200,,75,,,,Cabbage,,,,,Experiment 0,kg/ha,TotalYield,,05/05/1982,05/05/1983,82.636,,0.2264,0,,,,
Unpublished,Growing Growing Gone,"Caterpillar, Hungry ",,,,,,,,Otago,Dunedin flats,Area 52,-45.69199822305522,170.39262489518498,4500,Timaru Silt Loam,Crop,,04/05/1980,,200,50,,25,,,,Cabbage,,,,,Experiment 0,kg/ha,TotalYield,,05/05/1980,05/05/1980,1,,0.2,0,,,,
Unpublished,Growing Growing Gone,"Caterpillar, Hungry ",,,,,,,,Otago,Dunedin flats,Area 52,-45.69199822305522,170.39262489518498,4500,Timaru Silt Loam,Crop,,04/05/1980,,200,50,,25,,,,Cabbage,,,,,Experiment 0,kg/ha,TotalYield,,05/05/1980,05/05/1981,146,,0.4,0,,,,
Unpublished,Growing Growing Gone,"Caterpillar, Hungry ",,,,,,,,Otago,Dunedin flats,Area 52,-45.69199822305522,170.39262489518498,4500,Timaru Silt Loam,Crop,,04/05/1980,,200,50,,25,,,,Cabbage,,,,,Experiment 0,kg/ha,TotalYield,,05/05/1981,05/05/1982,197.10000000000002,,0.54,0,,,,
Unpublished,Growing Growing Gone,"Caterpillar, Hungry ",,,,,,,,Otago,Dunedin flats,Area 52,-45.69199822305522,170.39262489518498,4500,Timaru Silt Loam,Crop,,04/05/1980,,200,50,,25,,,,Cabbage,,,,,Experiment 0,kg/ha,TotalYield,,05/05/1982,05/05/1983,219,,0.6,0,,,,
Unpublished,Growing Growing Gone,"Caterpillar, Hungry ",,,,,,,,Otago,Dunedin flats,Area 52,-45.69199822305522,170.39262489518498,4500,Timaru Silt Loam,Crop,,04/05/1980,,200,50,,50,,,,Cabbage,,,,,Experiment 0,kg/ha,TotalYield,,05/05/1980,05/05/1980,1,,0.994,0,,,,
Unpublished,Growing Growing Gone,"Caterpillar, Hungry ",,,,,,,,Otago,Dunedin flats,Area 52,-45.69199822305522,170.39262489518498,4500,Timaru Silt Loam,Crop,,04/05/1980,,200,50,,50,,,,Cabbage,,,,,Experiment 0,kg/ha,TotalYield,,05/05/1980,05/05/1981,324.85,,0.89,0,,,,
Unpublished,Growing Growing Gone,"Caterpillar, Hungry ",,,,,,,,Otago,Dunedin flats,Area 52,-45.69199822305522,170.39262489518498,4500,Timaru Silt Loam,Crop,,04/05/1980,,200,50,,50,,,,Cabbage,,,,,Experiment 0,kg/ha,TotalYield,,05/05/1981,05/05/1982,324.12,,0.888,0,,,,
Unpublished,Growing Growing Gone,"Caterpillar, Hungry ",,,,,,,,Otago,Dunedin flats,Area 52,-45.69199822305522,170.39262489518498,4500,Timaru Silt Loam,Crop,,04/05/1980,,200,50,,50,,,,Cabbage,,,,,Experiment 0,kg/ha,TotalYield,,05/05/1982,05/05/1983,255.49999999999997,,0.7,0,,,,
Unpublished,Growing Growing Gone,"Caterpillar, Hungry ",,,,,,,,Otago,Dunedin flats,Area 52,-45.69199822305522,170.39262489518498,4500,Timaru Silt Loam,Crop,,04/05/1980,,200,50,,75,,,,Cabbage,,,,,Experiment 0,kg/ha,TotalYield,,05/05/1980,05/05/1980,1,,0.974,0,,,,
Unpublished,Growing Growing Gone,"Caterpillar, Hungry ",,,,,,,,Otago,Dunedin flats,Area 52,-45.69199822305522,170.39262489518498,4500,Timaru Silt Loam,Crop,,04/05/1980,,200,50,,75,,,,Cabbage,,,,,Experiment 0,kg/ha,TotalYield,,05/05/1980,05/05/1981,169.36,,0.464,0,,,,
Unpublished,Growing Growing Gone,"Caterpillar, Hungry ",,,,,,,,Otago,Dunedin flats,Area 52,-45.69199822305522,170.39262489518498,4500,Timaru Silt Loam,Crop,,04/05/1980,,200,50,,75,,,,Cabbage,,,,,Experiment 0,kg/ha,TotalYield,,05/05/1981,05/05/1982,204.4,,0.56,0,,,,
Unpublished,Growing Growing Gone,"Caterpillar, Hungry ",,,,,,,,Otago,Dunedin flats,Area 52,-45.69199822305522,170.39262489518498,4500,Timaru Silt Loam,Crop,,04/05/1980,,200,50,,75,,,,Cabbage,,,,,Experiment 0,kg/ha,TotalYield,,05/05/1982,05/05/1983,197.10000000000002,,0.54,0,,,,
