﻿﻿Published/unpublished,Title,Author(s),Journal,Pub Year,Volume,Pages,Url,DOI,Description/Notes,Region,Location Name,Site Name,Latitude,Longtitude,Altitude,Soil Types,Is it pasture/crop?,Is it resident/sown?,Sowing Date,Harvest Method,Irrigation Level,kgNyr,kgPyr,kgKyr,kgSyr,kgLimeyr,Defoliation Method,Dominant Species,Cultivar,Flowering Date,Additional Species,Cultivars,Experiment Name,Measurement Unit,What yield are you recording?,Data Source,Start Date,End Date,DM Yield,Grain Yield,Growth Rate,Annual Yield,Met Files,Photos,Soil Water Data,Raw Data
Unpublished,Titular,Li E,,,,,,,,Bay of Plenty,asdf,asdf,,,,,Pasture,Resident,,,,,1,,,,,,,,,,Again,kg/ha,TotalYield,,01/01/2021,01/05/2021,10,,0.1,0,,,,
Unpublished,Titular,Li E,,,,,,,,Bay of Plenty,asdf,asdf,,,,,Pasture,Resident,,,,,1,,,,,,,,,,Again,kg/ha,TotalYield,,01/05/2021,09/05/2021,1,,0.1,0,,,,
Unpublished,Titular,Li E,,,,,,,,Bay of Plenty,asdf,asdf,,,,,Pasture,Resident,,,,,1,,,,,,,,,,Again,kg/ha,TotalYield,,09/05/2021,17/05/2021,1,,0.1,0,,,,
Unpublished,Titular,Li E,,,,,,,,Bay of Plenty,asdf,asdf,,,,,Pasture,Resident,,,20,,13,,,,,,,,,,DMY,kg/ha,TotalYield,,16/08/2019,16/08/2019,,,,,,,,
Unpublished,Titular,Li E,,,,,,,,Bay of Plenty,asdf,asdf,,,,,Pasture,Resident,,,20,,13,,,,,,,,,,DMY,kg/ha,TotalYield,,16/08/2019,16/08/2019,,,,,,,,
Unpublished,Titular,Li E,,,,,,,,Bay of Plenty,asdf,asdf,,,,,Pasture,Resident,,,20,,13,,,,,,,,,,DMY,kg/ha,TotalYield,,16/08/2019,16/09/2019,,,,,,,,
Unpublished,Titular,Li E,,,,,,,,Bay of Plenty,asdf,asdf,,,,,Pasture,Resident,,,20,,13,,,,,,,,,,DMY,kg/ha,TotalYield,,16/08/2019,16/09/2019,,,,,,,,
Unpublished,Titular,Li E,,,,,,,,Bay of Plenty,asdf,asdf,,,,,Pasture,Resident,,,20,,13,,,,,,,,,,DMY,kg/ha,TotalYield,,23/09/2019,16/10/2019,0,,0,0,,,,
Unpublished,Titular,Li E,,,,,,,,Bay of Plenty,asdf,asdf,,,,,Pasture,Resident,,,20,,13,,,,,,,,,,DMY,kg/ha,TotalYield,,16/09/2019,16/10/2019,,,,,,,,
Unpublished,Titular,Li E,,,,,,,,Bay of Plenty,asdf,asdf,,,,,Pasture,Resident,,,,1,,,,,,,,,,,sdf,kg/ha,TotalYield,,12/12/2012,01/01/2013,900,,45,0,,,,
Unpublished,Titular,Li E,,,,,,,,Bay of Plenty,asdf,asdf,,,,,Pasture,Resident,,,,1,,,,,,,,,,,sdf,kg/ha,TotalYield,,01/01/2013,12/02/2013,1638,,39,0,,,,
Unpublished,Titular,Li E,,,,,,,,Bay of Plenty,asdf,asdf,,,,,Pasture,Resident,,,,1,,,,,,,,,,,sdf,kg/ha,TotalYield,,12/12/2012,12/12/2012,1,,60,0,,,,
